{"cameraMode":{"drawMode":0,"name":"Shaded","section":"Shading Mode"},"sceneLighting":true,"audioPlay":false,"sceneViewState":{"m_AlwaysRefresh":false,"showFog":true,"showSkybox":true,"showFlares":true,"showImageEffects":true,"showParticleSystems":true,"showVisualEffectGraphs":true,"m_FxEnabled":true},"in2DMode":false,"pivot":{"x":-0.24548488855361939,"y":2.021800994873047,"z":-2.467172622680664},"rotation":{"x":-0.35248008370399477,"y":-0.020494889467954637,"z":0.0077219498343765739,"w":-0.9355653524398804},"size":8.822173118591309,"orthographic":false}