{"cameraMode":{"drawMode":0,"name":"Shaded","section":"Shading Mode"},"sceneLighting":true,"audioPlay":false,"sceneViewState":{"m_AlwaysRefresh":false,"showFog":true,"showSkybox":true,"showFlares":true,"showImageEffects":true,"showParticleSystems":true,"showVisualEffectGraphs":true,"m_FxEnabled":true},"in2DMode":false,"pivot":{"x":18.182435989379884,"y":-92.6002426147461,"z":94.89096069335938},"rotation":{"x":0.2937646806240082,"y":0.016913054510951043,"z":-0.005199013277888298,"w":0.9557181596755981},"size":124.95098876953125,"orthographic":false}