{"cameraMode":{"drawMode":2,"name":"Shaded Wireframe","section":"Shading Mode"},"sceneLighting":true,"audioPlay":false,"sceneViewState":{"m_AlwaysRefresh":false,"showFog":true,"showSkybox":true,"showFlares":true,"showImageEffects":true,"showParticleSystems":true,"showVisualEffectGraphs":true,"m_FxEnabled":true},"in2DMode":false,"pivot":{"x":0.12009130418300629,"y":0.4536309242248535,"z":-0.0519559383392334},"rotation":{"x":-0.09489018470048905,"y":-0.04418645054101944,"z":0.004211196675896645,"w":-0.9945149421691895},"size":1.3799341917037964,"orthographic":false}