{"cameraMode":{"drawMode":2,"name":"Shaded Wireframe","section":"Shading Mode"},"sceneLighting":true,"audioPlay":false,"sceneViewState":{"m_AlwaysRefresh":false,"showFog":true,"showSkybox":true,"showFlares":true,"showImageEffects":true,"showParticleSystems":true,"showVisualEffectGraphs":true,"m_FxEnabled":true},"in2DMode":false,"pivot":{"x":-1.1498661041259766,"y":-1.6785264015197755,"z":2.0462021827697756},"rotation":{"x":-0.14974407851696015,"y":-0.006823346018791199,"z":0.0010255113011226059,"w":-0.9887120127677918},"size":11.090965270996094,"orthographic":false}