{"cameraMode":{"drawMode":2,"name":"Shaded Wireframe","section":"Shading Mode"},"sceneLighting":true,"audioPlay":false,"sceneViewState":{"m_AlwaysRefresh":false,"showFog":true,"showSkybox":true,"showFlares":true,"showImageEffects":true,"showParticleSystems":true,"showVisualEffectGraphs":true,"m_FxEnabled":true},"in2DMode":false,"pivot":{"x":-29.289413452148439,"y":-121.68447875976563,"z":171.30958557128907},"rotation":{"x":-0.31605449318885805,"y":-0.02078654244542122,"z":0.006856181658804417,"w":-0.9485558867454529},"size":173.62103271484376,"orthographic":false}